{"v":"5.5.7","meta":{"g":"LottieFiles AE 0.1.20","a":"","k":"","d":"","tc":""},"fr":60,"ip":0,"op":150,"w":250,"h":250,"nm":"Ani Nop ho so","ddd":0,"assets":[],"layers":[{"ddd":0,"ind":1,"ty":4,"nm":"sao1/File Quet thong tin Outlines","sr":1,"ks":{"o":{"a":1,"k":[{"i":{"x":[0.667],"y":[1]},"o":{"x":[0.333],"y":[0]},"t":80,"s":[0]},{"i":{"x":[0.667],"y":[1]},"o":{"x":[0.333],"y":[0]},"t":94,"s":[100]},{"i":{"x":[0.667],"y":[1]},"o":{"x":[0.333],"y":[0]},"t":112,"s":[100]},{"t":128,"s":[0]}],"ix":11},"r":{"a":1,"k":[{"i":{"x":[0.667],"y":[1]},"o":{"x":[0.333],"y":[0]},"t":80,"s":[0]},{"t":128,"s":[80]}],"ix":10},"p":{"a":0,"k":[41,85.152,0],"ix":2},"a":{"a":0,"k":[49,205.5,0],"ix":1},"s":{"a":1,"k":[{"i":{"x":[0.667,0.667,0.667],"y":[1,1,1]},"o":{"x":[0.333,0.333,0.333],"y":[0,0,0]},"t":80,"s":[0,0,100]},{"i":{"x":[0.667,0.667,0.667],"y":[1,1,1]},"o":{"x":[0.333,0.333,0.333],"y":[0,0,0]},"t":94,"s":[120,120,100]},{"i":{"x":[0.667,0.667,0.667],"y":[1,1,1]},"o":{"x":[0.333,0.333,0.333],"y":[0,0,0]},"t":112,"s":[120,120,100]},{"t":128,"s":[0,0,100]}],"ix":6}},"ao":0,"shapes":[{"ty":"gr","it":[{"ind":0,"ty":"sh","ix":1,"ks":{"a":0,"k":{"i":[[0,0],[0,0],[1.273,-1.218],[1.686,-0.463],[0,0],[0,0],[-1.232,-1.242],[-0.455,-1.698],[0,0],[0,0],[-1.242,1.233],[-1.682,0.485],[0,0],[0,0],[0.951,3.441]],"o":[[0,0],[-0.495,1.69],[-1.244,1.228],[0,0],[0,0],[1.679,0.489],[1.235,1.251],[0,0],[0,0],[0.489,-1.679],[1.25,-1.226],[0,0],[0,0],[-3.429,-0.994],[0,0]],"v":[[0.12,-17.919],[-2.37,-9.462],[-5.068,-5.023],[-9.538,-2.443],[-17.993,-0.195],[-9.507,2.294],[-5.068,4.933],[-2.49,9.432],[-0.12,17.919],[2.368,9.462],[5.008,5.022],[9.476,2.414],[17.993,0.045],[9.536,-2.415],[2.489,-9.551]],"c":true},"ix":2},"nm":"Path 1","mn":"ADBE Vector Shape - Group","hd":false},{"ty":"mm","mm":4,"nm":"Merge Paths 1","mn":"ADBE Vector Filter - Merge","hd":false},{"ty":"fl","c":{"a":0,"k":[0.24,0.392,1,1],"ix":4},"o":{"a":0,"k":100,"ix":5},"r":1,"bm":0,"nm":"Fill 1","mn":"ADBE Vector Graphic - Fill","hd":false},{"ty":"tr","p":{"a":0,"k":[49.098,206.159],"ix":2},"a":{"a":0,"k":[0,0],"ix":1},"s":{"a":0,"k":[100,100],"ix":3},"r":{"a":0,"k":0,"ix":6},"o":{"a":0,"k":100,"ix":7},"sk":{"a":0,"k":0,"ix":4},"sa":{"a":0,"k":0,"ix":5},"nm":"Transform"}],"nm":"Group 1","np":3,"cix":2,"bm":0,"ix":1,"mn":"ADBE Vector Group","hd":false}],"ip":80,"op":135,"st":80,"bm":0},{"ddd":0,"ind":2,"ty":1,"nm":"White Solid 3","sr":1,"ks":{"o":{"a":1,"k":[{"i":{"x":[0.833],"y":[0.833]},"o":{"x":[0.167],"y":[0.167]},"t":91,"s":[0]},{"i":{"x":[0.833],"y":[0.833]},"o":{"x":[0.167],"y":[0.167]},"t":100,"s":[100]},{"i":{"x":[0.833],"y":[0.833]},"o":{"x":[0.167],"y":[0.167]},"t":110,"s":[100]},{"t":117,"s":[0]}],"ix":11},"r":{"a":0,"k":0,"ix":10},"p":{"a":0,"k":[184.375,161.875,0],"ix":2},"a":{"a":0,"k":[125,125,0],"ix":1},"s":{"a":0,"k":[34.801,34.801,100],"ix":6}},"ao":0,"hasMask":true,"masksProperties":[{"inv":false,"mode":"f","pt":{"a":0,"k":{"i":[[0.096,0],[2.65,2.651],[0,0],[-5.513,5.513],[-5.514,-5.514],[0,0],[0,0],[-5.735,-5.283],[5.283,-5.734],[0,0],[3.844,-0.079]],"o":[[-3.74,0],[0,0],[-5.513,-5.513],[5.513,-5.513],[0,0],[0,0],[5.283,-5.735],[5.734,5.283],[0,0],[-2.605,2.827],[-0.096,0.002]],"v":[[111.477,179.381],[101.495,175.246],[55.605,129.356],[55.605,109.391],[75.571,109.391],[111.061,144.881],[173.859,76.719],[193.808,75.902],[194.625,95.851],[121.861,174.829],[111.767,179.378]],"c":true},"ix":1},"o":{"a":0,"k":100,"ix":3},"x":{"a":0,"k":0,"ix":4},"nm":"Mask 1"}],"sw":250,"sh":250,"sc":"#ffffff","ip":91,"op":118,"st":91,"bm":0},{"ddd":0,"ind":3,"ty":4,"nm":"tick","sr":1,"ks":{"o":{"a":1,"k":[{"i":{"x":[0.833],"y":[0.833]},"o":{"x":[0.167],"y":[0.167]},"t":80,"s":[0]},{"i":{"x":[0.75],"y":[1]},"o":{"x":[0.167],"y":[0]},"t":87,"s":[100]},{"i":{"x":[0.75],"y":[1]},"o":{"x":[0.25],"y":[0]},"t":113,"s":[100]},{"t":123,"s":[0]}],"ix":11},"r":{"a":0,"k":0,"ix":10},"p":{"a":0,"k":[185.163,160.599,0],"ix":2},"a":{"a":0,"k":[185.163,160.599,0],"ix":1},"s":{"a":1,"k":[{"i":{"x":[0.75,0.75,0.75],"y":[1,1,1]},"o":{"x":[0.25,0.25,0.25],"y":[0,0,0]},"t":80,"s":[0,0,100]},{"i":{"x":[0.75,0.75,0.75],"y":[1,1,1]},"o":{"x":[0.25,0.25,0.25],"y":[0,0,0]},"t":90,"s":[110,110,100]},{"i":{"x":[0.75,0.75,0.75],"y":[1,1,1]},"o":{"x":[0.25,0.25,0.25],"y":[0,0,0]},"t":100,"s":[100,100,100]},{"i":{"x":[0.75,0.75,0.75],"y":[1,1,1]},"o":{"x":[0.25,0.25,0.25],"y":[0,0,0]},"t":113,"s":[100,100,100]},{"t":126,"s":[0,0,100]}],"ix":6}},"ao":0,"shapes":[{"ty":"gr","it":[{"ind":0,"ty":"sh","ix":1,"ks":{"a":0,"k":{"i":[[-19.508,0],[0,19.508],[19.508,0],[0,-19.507]],"o":[[19.508,0],[0,-19.507],[-19.508,0],[0,19.508]],"v":[[0,35.322],[35.321,0],[0,-35.322],[-35.321,0]],"c":true},"ix":2},"nm":"Path 1","mn":"ADBE Vector Shape - Group","hd":false},{"ty":"fl","c":{"a":0,"k":[0,0.7765,1,1],"ix":4},"o":{"a":0,"k":100,"ix":5},"r":1,"bm":0,"nm":"Fill 1","mn":"ADBE Vector Graphic - Fill","hd":false},{"ty":"tr","p":{"a":0,"k":[185.164,160.599],"ix":2},"a":{"a":0,"k":[0,0],"ix":1},"s":{"a":0,"k":[100,100],"ix":3},"r":{"a":0,"k":0,"ix":6},"o":{"a":0,"k":100,"ix":7},"sk":{"a":0,"k":0,"ix":4},"sa":{"a":0,"k":0,"ix":5},"nm":"Transform"}],"nm":"Group 1","np":2,"cix":2,"bm":0,"ix":1,"mn":"ADBE Vector Group","hd":false},{"ty":"gr","it":[{"ind":0,"ty":"sh","ix":1,"ks":{"a":0,"k":{"i":[[-22.619,0],[0,22.619],[22.619,0],[0,-22.619]],"o":[[22.619,0],[0,-22.619],[-22.619,0],[0,22.619]],"v":[[0,40.955],[40.955,-0.001],[0,-40.956],[-40.955,-0.001]],"c":true},"ix":2},"nm":"Path 1","mn":"ADBE Vector Shape - Group","hd":false},{"ty":"fl","c":{"a":0,"k":[1,1,1],"ix":4},"o":{"a":0,"k":100,"ix":5},"r":1,"bm":0,"nm":"Fill 1","mn":"ADBE Vector Graphic - Fill","hd":false},{"ty":"tr","p":{"a":0,"k":[185.163,160.599],"ix":2},"a":{"a":0,"k":[0,0],"ix":1},"s":{"a":0,"k":[100,100],"ix":3},"r":{"a":0,"k":0,"ix":6},"o":{"a":0,"k":100,"ix":7},"sk":{"a":0,"k":0,"ix":4},"sa":{"a":0,"k":0,"ix":5},"nm":"Transform"}],"nm":"Group 2","np":2,"cix":2,"bm":0,"ix":2,"mn":"ADBE Vector Group","hd":false}],"ip":80,"op":148,"st":80,"bm":0},{"ddd":0,"ind":4,"ty":4,"nm":"Bia ho so","sr":1,"ks":{"o":{"a":1,"k":[{"i":{"x":[0.53],"y":[1]},"o":{"x":[0.24],"y":[0]},"t":26,"s":[0]},{"i":{"x":[0.667],"y":[1]},"o":{"x":[0.24],"y":[0]},"t":40,"s":[100]},{"i":{"x":[0.833],"y":[1]},"o":{"x":[0.167],"y":[0]},"t":127,"s":[100]},{"t":132,"s":[1]}],"ix":11},"r":{"a":1,"k":[{"i":{"x":[0.75],"y":[1]},"o":{"x":[0.25],"y":[0]},"t":31,"s":[4]},{"i":{"x":[0.667],"y":[1]},"o":{"x":[0.25],"y":[0]},"t":49,"s":[0]},{"i":{"x":[0.833],"y":[1]},"o":{"x":[0.167],"y":[0]},"t":116,"s":[0]},{"t":132,"s":[4]}],"ix":10},"p":{"a":1,"k":[{"i":{"x":0.75,"y":1},"o":{"x":0.25,"y":0},"t":31,"s":[153,125,0],"to":[-4.667,0,0],"ti":[4.667,0,0]},{"i":{"x":0.667,"y":0.667},"o":{"x":0.25,"y":0.25},"t":49,"s":[125,125,0],"to":[0,0,0],"ti":[0,0,0]},{"i":{"x":0.833,"y":1},"o":{"x":0.167,"y":0},"t":116,"s":[125,125,0],"to":[4.667,0,0],"ti":[-4.667,0,0]},{"t":132,"s":[153,125,0]}],"ix":2},"a":{"a":0,"k":[125,125,0],"ix":1},"s":{"a":1,"k":[{"i":{"x":[0.75,0.75,0.75],"y":[1,1,1]},"o":{"x":[0.25,0.25,0.25],"y":[0,0,0]},"t":28,"s":[70,70,100]},{"i":{"x":[0.75,0.75,0.75],"y":[1,1,1]},"o":{"x":[0.25,0.25,0.25],"y":[0,0,0]},"t":44,"s":[105,105,100]},{"t":54,"s":[100,100,100]}],"ix":6}},"ao":0,"shapes":[{"ty":"gr","it":[{"ind":0,"ty":"sh","ix":1,"ks":{"a":0,"k":{"i":[[2.407,0.127],[0,0],[0.13,-2.403],[0,0],[-2.381,-0.126],[0,0],[-0.128,2.387],[0,0]],"o":[[0,0],[-2.402,-0.127],[0,0],[-0.129,2.381],[0,0],[2.388,0.126],[0,0],[0.13,-2.407]],"v":[[15.887,3.499],[-10.461,2.107],[-15.065,6.245],[-15.067,6.293],[-10.972,10.85],[15.471,12.247],[20.025,8.154],[20.028,8.106]],"c":true},"ix":2},"nm":"Path 1","mn":"ADBE Vector Shape - Group","hd":false},{"ind":1,"ty":"sh","ix":2,"ks":{"a":0,"k":{"i":[[0.129,-2.389],[0,0],[2.414,0.128],[0,0],[-0.13,2.407],[-2.414,-0.128],[0,0]],"o":[[0,0],[-0.13,2.414],[0,0],[-2.407,-0.127],[0.13,-2.414],[0,0],[2.389,0.126]],"v":[[20.785,-5.953],[20.783,-5.905],[16.178,-1.767],[-16.644,-3.5],[-20.784,-8.107],[-16.179,-12.245],[16.691,-10.509]],"c":true},"ix":2},"nm":"Path 2","mn":"ADBE Vector Shape - Group","hd":false},{"ty":"mm","mm":1,"nm":"Merge Paths 1","mn":"ADBE Vector Filter - Merge","hd":false},{"ty":"fl","c":{"a":0,"k":[1,1,1],"ix":4},"o":{"a":0,"k":100,"ix":5},"r":1,"bm":0,"nm":"Fill 1","mn":"ADBE Vector Graphic - Fill","hd":false},{"ty":"tr","p":{"a":0,"k":[182.788,69.441],"ix":2},"a":{"a":0,"k":[0,0],"ix":1},"s":{"a":0,"k":[100,100],"ix":3},"r":{"a":0,"k":0,"ix":6},"o":{"a":0,"k":100,"ix":7},"sk":{"a":0,"k":0,"ix":4},"sa":{"a":0,"k":0,"ix":5},"nm":"Transform"}],"nm":"Group 1","np":4,"cix":2,"bm":0,"ix":1,"mn":"ADBE Vector Group","hd":false},{"ty":"gr","it":[{"ind":0,"ty":"sh","ix":1,"ks":{"a":0,"k":{"i":[[0.69,0.745],[1.029,0.054],[0,0],[0,0],[0.082,-1.837],[0,0],[1.939,-1.796],[0.028,-0.025],[0,0],[0,0],[0,0],[-0.11,2.037],[0,0]],"o":[[-0.689,-0.746],[0,0],[0,0],[0.875,1.612],[0,0],[-0.118,2.646],[-0.028,0.025],[0,0],[0,0],[0,0],[2.099,0.087],[0,0],[0.054,-1]],"v":[[55.916,-82.36],[53.25,-83.6],[-42.043,-88.633],[-31.995,-71.851],[-30.761,-66.589],[-36.433,61.005],[-39.769,67.615],[-39.845,67.695],[-56.956,83.213],[43.976,88.544],[44.023,88.546],[48.029,85.008],[56.903,-79.654]],"c":true},"ix":2},"nm":"Path 1","mn":"ADBE Vector Shape - Group","hd":false},{"ty":"fl","c":{"a":0,"k":[0.2746,0.4088,0.9454,1],"ix":4},"o":{"a":0,"k":100,"ix":5},"r":1,"bm":0,"nm":"Fill 1","mn":"ADBE Vector Graphic - Fill","hd":false},{"ty":"tr","p":{"a":0,"k":[154.926,125.682],"ix":2},"a":{"a":0,"k":[0,0],"ix":1},"s":{"a":0,"k":[100,100],"ix":3},"r":{"a":0,"k":0,"ix":6},"o":{"a":0,"k":100,"ix":7},"sk":{"a":0,"k":0,"ix":4},"sa":{"a":0,"k":0,"ix":5},"nm":"Transform"}],"nm":"Group 2","np":2,"cix":2,"bm":0,"ix":2,"mn":"ADBE Vector Group","hd":false}],"ip":30,"op":150,"st":15,"bm":0},{"ddd":0,"ind":5,"ty":4,"nm":"ho so","sr":1,"ks":{"o":{"a":0,"k":100,"ix":11},"r":{"a":1,"k":[{"i":{"x":[0.67],"y":[1]},"o":{"x":[0.33],"y":[0]},"t":0,"s":[4]},{"i":{"x":[0.67],"y":[1]},"o":{"x":[0.33],"y":[0]},"t":17,"s":[-5]},{"i":{"x":[0.667],"y":[1]},"o":{"x":[0.33],"y":[0]},"t":24,"s":[-5]},{"i":{"x":[0.667],"y":[1]},"o":{"x":[0.333],"y":[0]},"t":42,"s":[1]},{"i":{"x":[0.75],"y":[1]},"o":{"x":[0.167],"y":[0]},"t":56,"s":[0]},{"i":{"x":[0.75],"y":[1]},"o":{"x":[0.25],"y":[0]},"t":116,"s":[0]},{"t":132,"s":[4]}],"ix":10},"p":{"a":1,"k":[{"i":{"x":0.67,"y":1},"o":{"x":0.33,"y":0},"t":0,"s":[125,125,0],"to":[-3.987,-0.361,0],"ti":[3.987,0.361,0]},{"i":{"x":0.67,"y":0.67},"o":{"x":0.33,"y":0.33},"t":17,"s":[101.079,122.833,0],"to":[0,0,0],"ti":[0,0,0]},{"i":{"x":0.667,"y":1},"o":{"x":0.33,"y":0},"t":24,"s":[101.079,122.833,0],"to":[-2.167,0,0],"ti":[-1.167,0,0]},{"i":{"x":0.667,"y":1},"o":{"x":0.333,"y":0},"t":42,"s":[88.079,122.833,0],"to":[1.167,0,0],"ti":[-3.333,0,0]},{"i":{"x":0.75,"y":0.75},"o":{"x":0.167,"y":0.167},"t":56,"s":[108.079,122.833,0],"to":[0,0,0],"ti":[0,0,0]},{"i":{"x":0.75,"y":1},"o":{"x":0.25,"y":0},"t":116,"s":[108.079,122.833,0],"to":[2.82,0.361,0],"ti":[-2.82,-0.361,0]},{"t":132,"s":[125,125,0]}],"ix":2},"a":{"a":0,"k":[107.969,124.018,0],"ix":1},"s":{"a":1,"k":[{"i":{"x":[0.75,0.75,0.75],"y":[1,1,1]},"o":{"x":[0.25,0.25,0.25],"y":[0,0,0]},"t":47,"s":[100,100,100]},{"i":{"x":[0.75,0.75,0.75],"y":[1,1,1]},"o":{"x":[0.25,0.25,0.25],"y":[0,0,0]},"t":51,"s":[97,97,100]},{"t":56,"s":[100,100,100]}],"ix":6}},"ao":0,"shapes":[{"ty":"gr","it":[{"ind":0,"ty":"sh","ix":1,"ks":{"a":0,"k":{"i":[[0,0],[0,0],[0.347,5.336],[0,0],[5.337,-0.347],[0,0],[0,0],[0.168,-4.91],[0,0],[3.429,-3.441]],"o":[[0,0],[5.338,-0.347],[0,0],[-0.347,-5.337],[0,0],[0,0],[3.252,3.682],[0,0],[-0.166,4.854],[0,0]],"v":[[-36.517,78.121],[27.134,73.975],[36.17,63.683],[27.545,-68.739],[17.252,-77.774],[-25.786,-74.971],[-21.807,-70.467],[-17.004,-57.087],[-20.845,55.098],[-26.438,68.005]],"c":true},"ix":2},"nm":"Path 1","mn":"ADBE Vector Shape - Group","hd":false},{"ty":"fl","c":{"a":0,"k":[0.8965,0.9019,0.9235,1],"ix":4},"o":{"a":1,"k":[{"i":{"x":[0.75],"y":[1]},"o":{"x":[0.25],"y":[0]},"t":42,"s":[0]},{"i":{"x":[0.833],"y":[1]},"o":{"x":[0.25],"y":[0]},"t":56,"s":[100]},{"i":{"x":[0.833],"y":[0.833]},"o":{"x":[0.167],"y":[0.167]},"t":116,"s":[100]},{"t":132,"s":[0]}],"ix":5},"r":1,"bm":0,"nm":"Fill 1","mn":"ADBE Vector Graphic - Fill","hd":false},{"ty":"tr","p":{"a":0,"k":[132.788,122.856],"ix":2},"a":{"a":0,"k":[0,0],"ix":1},"s":{"a":0,"k":[100,100],"ix":3},"r":{"a":0,"k":0,"ix":6},"o":{"a":0,"k":100,"ix":7},"sk":{"a":0,"k":0,"ix":4},"sa":{"a":0,"k":0,"ix":5},"nm":"Transform"}],"nm":"Bong ho so","np":2,"cix":2,"bm":0,"ix":1,"mn":"ADBE Vector Group","hd":false},{"ty":"gr","it":[{"ind":0,"ty":"sh","ix":1,"ks":{"a":0,"k":{"i":[[0.323,4.974],[0,0],[4.972,-0.324],[0,0],[-0.324,-4.974],[0,0],[-4.973,0.324],[0,0]],"o":[[0,0],[-0.323,-4.973],[0,0],[-4.974,0.324],[0,0],[0.323,4.972],[0,0],[4.974,-0.323]],"v":[[48.526,27.743],[47.464,11.451],[37.874,3.033],[-36.994,7.908],[-45.413,17.5],[-44.352,33.792],[-34.761,42.21],[40.107,37.334]],"c":true},"ix":2},"nm":"Path 1","mn":"ADBE Vector Shape - Group","hd":false},{"ind":1,"ty":"sh","ix":2,"ks":{"a":0,"k":{"i":[[0.105,1.625],[0,0],[1.625,-0.106],[0,0],[-0.106,-1.626],[-1.625,0.105],[0,0]],"o":[[0,0],[-0.107,-1.625],[0,0],[-1.625,0.106],[0.106,1.625],[0,0],[1.625,-0.107]],"v":[[46,-11.05],[46,-11.05],[42.865,-13.801],[-44.128,-8.136],[-46.879,-5.001],[-43.745,-2.25],[43.249,-7.915]],"c":true},"ix":2},"nm":"Path 2","mn":"ADBE Vector Shape - Group","hd":false},{"ind":2,"ty":"sh","ix":3,"ks":{"a":0,"k":{"i":[[0.106,1.626],[0,0],[1.625,-0.106],[0,0],[-0.106,-1.625],[-1.625,0.105],[0,0]],"o":[[0,0],[-0.106,-1.625],[0,0],[-1.625,0.106],[0.106,1.625],[0,0],[1.625,-0.106]],"v":[[45.011,-26.225],[45.011,-26.225],[41.877,-28.976],[-45.116,-23.311],[-47.867,-20.176],[-44.733,-17.425],[42.26,-23.09]],"c":true},"ix":2},"nm":"Path 3","mn":"ADBE Vector Shape - Group","hd":false},{"ind":3,"ty":"sh","ix":4,"ks":{"a":0,"k":{"i":[[1.625,-0.106],[0,0],[0.106,1.626],[-1.625,0.106],[0,0],[-0.106,-1.625]],"o":[[0,0],[-1.625,0.106],[-0.106,-1.625],[0,0],[1.625,-0.106],[0.106,1.625]],"v":[[41.384,-36.542],[-45.609,-30.877],[-48.743,-33.628],[-45.992,-36.762],[41.001,-42.427],[44.135,-39.676]],"c":true},"ix":2},"nm":"Path 4","mn":"ADBE Vector Shape - Group","hd":false},{"ty":"mm","mm":1,"nm":"Merge Paths 1","mn":"ADBE Vector Filter - Merge","hd":false},{"ty":"fl","c":{"a":0,"k":[0.8965,0.9019,0.9235,1],"ix":4},"o":{"a":0,"k":100,"ix":5},"r":1,"bm":0,"nm":"Fill 1","mn":"ADBE Vector Graphic - Fill","hd":false},{"ty":"tr","p":{"a":0,"k":[107.105,145.872],"ix":2},"a":{"a":0,"k":[0,0],"ix":1},"s":{"a":0,"k":[100,100],"ix":3},"r":{"a":0,"k":0,"ix":6},"o":{"a":0,"k":100,"ix":7},"sk":{"a":0,"k":0,"ix":4},"sa":{"a":0,"k":0,"ix":5},"nm":"Transform"}],"nm":"Group 1","np":6,"cix":2,"bm":0,"ix":2,"mn":"ADBE Vector Group","hd":false},{"ty":"gr","it":[{"ind":0,"ty":"sh","ix":1,"ks":{"a":0,"k":{"i":[[7.717,-0.543],[0,0],[-0.573,-7.385],[-2.602,0.183],[0,0],[0.193,2.49]],"o":[[0,0],[-7.717,0.544],[0.194,2.49],[0,0],[2.603,-0.184],[-0.574,-7.385]],"v":[[3.42,2.572],[-5.118,3.173],[-18.052,17.529],[-12.99,21.706],[14.069,19.801],[18.432,14.959]],"c":true},"ix":2},"nm":"Path 1","mn":"ADBE Vector Shape - Group","hd":false},{"ind":1,"ty":"sh","ix":2,"ks":{"a":0,"k":{"i":[[0.442,5.703],[-5.96,0.42],[-0.444,-5.703],[5.96,-0.419]],"o":[[-0.443,-5.703],[5.96,-0.419],[0.442,5.703],[-5.959,0.42]],"v":[[-12.728,-10.383],[-2.74,-21.47],[8.854,-11.903],[-1.136,-0.816]],"c":true},"ix":2},"nm":"Path 2","mn":"ADBE Vector Shape - Group","hd":false},{"ty":"mm","mm":1,"nm":"Merge Paths 1","mn":"ADBE Vector Filter - Merge","hd":false},{"ty":"fl","c":{"a":0,"k":[0.5725,0.6549,0.9961,1],"ix":4},"o":{"a":0,"k":100,"ix":5},"r":1,"bm":0,"nm":"Fill 1","mn":"ADBE Vector Graphic - Fill","hd":false},{"ty":"tr","p":{"a":0,"k":[75.317,77.865],"ix":2},"a":{"a":0,"k":[0,0],"ix":1},"s":{"a":0,"k":[100,100],"ix":3},"r":{"a":0,"k":0,"ix":6},"o":{"a":0,"k":100,"ix":7},"sk":{"a":0,"k":0,"ix":4},"sa":{"a":0,"k":0,"ix":5},"nm":"Transform"}],"nm":"Group 2","np":4,"cix":2,"bm":0,"ix":3,"mn":"ADBE Vector Group","hd":false},{"ty":"gr","it":[{"ind":0,"ty":"sh","ix":1,"ks":{"a":0,"k":{"i":[[5.466,-0.356],[0,0],[0.356,5.467],[0,0],[-5.466,0.356],[0,0],[-0.356,-5.466],[0,0]],"o":[[0,0],[-5.465,0.355],[0,0],[-0.356,-5.467],[0,0],[5.466,-0.355],[0,0],[0.356,5.466]],"v":[[51.721,72.828],[-41.839,78.921],[-52.38,69.669],[-60.973,-62.287],[-51.721,-72.829],[41.838,-78.922],[52.38,-69.669],[60.973,62.286]],"c":true},"ix":2},"nm":"Path 1","mn":"ADBE Vector Shape - Group","hd":false},{"ty":"fl","c":{"a":0,"k":[1,1,1],"ix":4},"o":{"a":0,"k":100,"ix":5},"r":1,"bm":0,"nm":"Fill 1","mn":"ADBE Vector Graphic - Fill","hd":false},{"ty":"tr","p":{"a":0,"k":[107.969,124.018],"ix":2},"a":{"a":0,"k":[0,0],"ix":1},"s":{"a":0,"k":[100,100],"ix":3},"r":{"a":0,"k":0,"ix":6},"o":{"a":0,"k":100,"ix":7},"sk":{"a":0,"k":0,"ix":4},"sa":{"a":0,"k":0,"ix":5},"nm":"Transform"}],"nm":"Group 4","np":2,"cix":2,"bm":0,"ix":4,"mn":"ADBE Vector Group","hd":false},{"ty":"gr","it":[{"ind":0,"ty":"sh","ix":1,"ks":{"a":0,"k":{"i":[[6.766,-0.441],[0,0],[0.44,6.766],[0,0],[-6.766,0.441],[0,0],[-0.44,-6.766],[0,0]],"o":[[0,0],[-6.767,0.441],[0,0],[-0.44,-6.767],[0,0],[6.765,-0.441],[0,0],[0.441,6.766]],"v":[[54.159,77.318],[-43.674,83.689],[-56.723,72.236],[-65.613,-64.268],[-54.16,-77.317],[43.674,-83.688],[56.722,-72.235],[65.612,64.268]],"c":true},"ix":2},"nm":"Path 1","mn":"ADBE Vector Shape - Group","hd":false},{"ty":"fl","c":{"a":0,"k":[0.8965,0.9019,0.9235,1],"ix":4},"o":{"a":0,"k":100,"ix":5},"r":1,"bm":0,"nm":"Fill 1","mn":"ADBE Vector Graphic - Fill","hd":false},{"ty":"tr","p":{"a":0,"k":[107.969,124.018],"ix":2},"a":{"a":0,"k":[0,0],"ix":1},"s":{"a":0,"k":[100,100],"ix":3},"r":{"a":0,"k":0,"ix":6},"o":{"a":0,"k":100,"ix":7},"sk":{"a":0,"k":0,"ix":4},"sa":{"a":0,"k":0,"ix":5},"nm":"Transform"}],"nm":"Group 5","np":2,"cix":2,"bm":0,"ix":5,"mn":"ADBE Vector Group","hd":false}],"ip":0,"op":150,"st":0,"bm":0},{"ddd":0,"ind":6,"ty":4,"nm":"ho so 3","sr":1,"ks":{"o":{"a":1,"k":[{"i":{"x":[0.833],"y":[0.833]},"o":{"x":[0.167],"y":[0.167]},"t":42,"s":[100]},{"t":43,"s":[0]}],"ix":11},"r":{"a":1,"k":[{"i":{"x":[0.67],"y":[1]},"o":{"x":[0.33],"y":[0]},"t":0,"s":[4]},{"i":{"x":[0.67],"y":[1]},"o":{"x":[0.33],"y":[0]},"t":17,"s":[15]},{"i":{"x":[0.667],"y":[1]},"o":{"x":[0.33],"y":[0]},"t":24,"s":[15]},{"t":42,"s":[1]}],"ix":10},"p":{"a":1,"k":[{"i":{"x":0.67,"y":1},"o":{"x":0.33,"y":0},"t":0,"s":[125,125,0],"to":[3.833,0,0],"ti":[-3.833,0,0]},{"i":{"x":0.67,"y":0.67},"o":{"x":0.33,"y":0.33},"t":17,"s":[148,125,0],"to":[0,0,0],"ti":[0,0,0]},{"i":{"x":0.667,"y":1},"o":{"x":0.33,"y":0},"t":24,"s":[148,125,0],"to":[-9.987,-0.361,0],"ti":[9.987,0.361,0]},{"t":42,"s":[88.079,122.833,0]}],"ix":2},"a":{"a":0,"k":[107.969,124.018,0],"ix":1},"s":{"a":0,"k":[100,100,100],"ix":6}},"ao":0,"shapes":[{"ty":"gr","it":[{"ind":0,"ty":"sh","ix":1,"ks":{"a":0,"k":{"i":[[0.323,4.974],[0,0],[4.972,-0.324],[0,0],[-0.324,-4.974],[0,0],[-4.973,0.324],[0,0]],"o":[[0,0],[-0.323,-4.973],[0,0],[-4.974,0.324],[0,0],[0.323,4.972],[0,0],[4.974,-0.323]],"v":[[48.526,27.743],[47.464,11.451],[37.874,3.033],[-36.994,7.908],[-45.413,17.5],[-44.352,33.792],[-34.761,42.21],[40.107,37.334]],"c":true},"ix":2},"nm":"Path 1","mn":"ADBE Vector Shape - Group","hd":false},{"ind":1,"ty":"sh","ix":2,"ks":{"a":0,"k":{"i":[[0.105,1.625],[0,0],[1.625,-0.106],[0,0],[-0.106,-1.626],[-1.625,0.105],[0,0]],"o":[[0,0],[-0.107,-1.625],[0,0],[-1.625,0.106],[0.106,1.625],[0,0],[1.625,-0.107]],"v":[[46,-11.05],[46,-11.05],[42.865,-13.801],[-44.128,-8.136],[-46.879,-5.001],[-43.745,-2.25],[43.249,-7.915]],"c":true},"ix":2},"nm":"Path 2","mn":"ADBE Vector Shape - Group","hd":false},{"ind":2,"ty":"sh","ix":3,"ks":{"a":0,"k":{"i":[[0.106,1.626],[0,0],[1.625,-0.106],[0,0],[-0.106,-1.625],[-1.625,0.105],[0,0]],"o":[[0,0],[-0.106,-1.625],[0,0],[-1.625,0.106],[0.106,1.625],[0,0],[1.625,-0.106]],"v":[[45.011,-26.225],[45.011,-26.225],[41.877,-28.976],[-45.116,-23.311],[-47.867,-20.176],[-44.733,-17.425],[42.26,-23.09]],"c":true},"ix":2},"nm":"Path 3","mn":"ADBE Vector Shape - Group","hd":false},{"ind":3,"ty":"sh","ix":4,"ks":{"a":0,"k":{"i":[[1.625,-0.106],[0,0],[0.106,1.626],[-1.625,0.106],[0,0],[-0.106,-1.625]],"o":[[0,0],[-1.625,0.106],[-0.106,-1.625],[0,0],[1.625,-0.106],[0.106,1.625]],"v":[[41.384,-36.542],[-45.609,-30.877],[-48.743,-33.628],[-45.992,-36.762],[41.001,-42.427],[44.135,-39.676]],"c":true},"ix":2},"nm":"Path 4","mn":"ADBE Vector Shape - Group","hd":false},{"ty":"mm","mm":1,"nm":"Merge Paths 1","mn":"ADBE Vector Filter - Merge","hd":false},{"ty":"fl","c":{"a":0,"k":[0.8965,0.9019,0.9235,1],"ix":4},"o":{"a":0,"k":100,"ix":5},"r":1,"bm":0,"nm":"Fill 1","mn":"ADBE Vector Graphic - Fill","hd":false},{"ty":"tr","p":{"a":0,"k":[107.105,145.872],"ix":2},"a":{"a":0,"k":[0,0],"ix":1},"s":{"a":0,"k":[100,100],"ix":3},"r":{"a":0,"k":0,"ix":6},"o":{"a":0,"k":100,"ix":7},"sk":{"a":0,"k":0,"ix":4},"sa":{"a":0,"k":0,"ix":5},"nm":"Transform"}],"nm":"Group 1","np":6,"cix":2,"bm":0,"ix":1,"mn":"ADBE Vector Group","hd":false},{"ty":"gr","it":[{"ind":0,"ty":"sh","ix":1,"ks":{"a":0,"k":{"i":[[7.717,-0.543],[0,0],[-0.573,-7.385],[-2.602,0.183],[0,0],[0.193,2.49]],"o":[[0,0],[-7.717,0.544],[0.194,2.49],[0,0],[2.603,-0.184],[-0.574,-7.385]],"v":[[3.42,2.572],[-5.118,3.173],[-18.052,17.529],[-12.99,21.706],[14.069,19.801],[18.432,14.959]],"c":true},"ix":2},"nm":"Path 1","mn":"ADBE Vector Shape - Group","hd":false},{"ind":1,"ty":"sh","ix":2,"ks":{"a":0,"k":{"i":[[0.442,5.703],[-5.96,0.42],[-0.444,-5.703],[5.96,-0.419]],"o":[[-0.443,-5.703],[5.96,-0.419],[0.442,5.703],[-5.959,0.42]],"v":[[-12.728,-10.383],[-2.74,-21.47],[8.854,-11.903],[-1.136,-0.816]],"c":true},"ix":2},"nm":"Path 2","mn":"ADBE Vector Shape - Group","hd":false},{"ty":"mm","mm":1,"nm":"Merge Paths 1","mn":"ADBE Vector Filter - Merge","hd":false},{"ty":"fl","c":{"a":0,"k":[0.5725,0.6549,0.9961,1],"ix":4},"o":{"a":0,"k":100,"ix":5},"r":1,"bm":0,"nm":"Fill 1","mn":"ADBE Vector Graphic - Fill","hd":false},{"ty":"tr","p":{"a":0,"k":[75.317,77.865],"ix":2},"a":{"a":0,"k":[0,0],"ix":1},"s":{"a":0,"k":[100,100],"ix":3},"r":{"a":0,"k":0,"ix":6},"o":{"a":0,"k":100,"ix":7},"sk":{"a":0,"k":0,"ix":4},"sa":{"a":0,"k":0,"ix":5},"nm":"Transform"}],"nm":"Group 2","np":4,"cix":2,"bm":0,"ix":2,"mn":"ADBE Vector Group","hd":false},{"ty":"gr","it":[{"ind":0,"ty":"sh","ix":1,"ks":{"a":0,"k":{"i":[[5.466,-0.356],[0,0],[0.356,5.467],[0,0],[-5.466,0.356],[0,0],[-0.356,-5.466],[0,0]],"o":[[0,0],[-5.465,0.355],[0,0],[-0.356,-5.467],[0,0],[5.466,-0.355],[0,0],[0.356,5.466]],"v":[[51.721,72.828],[-41.839,78.921],[-52.38,69.669],[-60.973,-62.287],[-51.721,-72.829],[41.838,-78.922],[52.38,-69.669],[60.973,62.286]],"c":true},"ix":2},"nm":"Path 1","mn":"ADBE Vector Shape - Group","hd":false},{"ty":"fl","c":{"a":0,"k":[1,1,1],"ix":4},"o":{"a":0,"k":100,"ix":5},"r":1,"bm":0,"nm":"Fill 1","mn":"ADBE Vector Graphic - Fill","hd":false},{"ty":"tr","p":{"a":0,"k":[107.969,124.018],"ix":2},"a":{"a":0,"k":[0,0],"ix":1},"s":{"a":0,"k":[100,100],"ix":3},"r":{"a":0,"k":0,"ix":6},"o":{"a":0,"k":100,"ix":7},"sk":{"a":0,"k":0,"ix":4},"sa":{"a":0,"k":0,"ix":5},"nm":"Transform"}],"nm":"Group 4","np":2,"cix":2,"bm":0,"ix":3,"mn":"ADBE Vector Group","hd":false},{"ty":"gr","it":[{"ind":0,"ty":"sh","ix":1,"ks":{"a":0,"k":{"i":[[6.766,-0.441],[0,0],[0.44,6.766],[0,0],[-6.766,0.441],[0,0],[-0.44,-6.766],[0,0]],"o":[[0,0],[-6.767,0.441],[0,0],[-0.44,-6.767],[0,0],[6.765,-0.441],[0,0],[0.441,6.766]],"v":[[54.159,77.318],[-43.674,83.689],[-56.723,72.236],[-65.613,-64.268],[-54.16,-77.317],[43.674,-83.688],[56.722,-72.235],[65.612,64.268]],"c":true},"ix":2},"nm":"Path 1","mn":"ADBE Vector Shape - Group","hd":false},{"ty":"fl","c":{"a":0,"k":[0.8965,0.9019,0.9235,1],"ix":4},"o":{"a":0,"k":100,"ix":5},"r":1,"bm":0,"nm":"Fill 1","mn":"ADBE Vector Graphic - Fill","hd":false},{"ty":"tr","p":{"a":0,"k":[107.969,124.018],"ix":2},"a":{"a":0,"k":[0,0],"ix":1},"s":{"a":0,"k":[100,100],"ix":3},"r":{"a":0,"k":0,"ix":6},"o":{"a":0,"k":100,"ix":7},"sk":{"a":0,"k":0,"ix":4},"sa":{"a":0,"k":0,"ix":5},"nm":"Transform"}],"nm":"Group 5","np":2,"cix":2,"bm":0,"ix":4,"mn":"ADBE Vector Group","hd":false}],"ip":0,"op":77,"st":0,"bm":0},{"ddd":0,"ind":7,"ty":4,"nm":"nen ho so","sr":1,"ks":{"o":{"a":1,"k":[{"i":{"x":[0.53],"y":[1]},"o":{"x":[0.24],"y":[0]},"t":26,"s":[0]},{"i":{"x":[0.667],"y":[1]},"o":{"x":[0.24],"y":[0]},"t":40,"s":[100]},{"i":{"x":[0.833],"y":[1]},"o":{"x":[0.167],"y":[0]},"t":125,"s":[100]},{"t":132,"s":[1]}],"ix":11},"r":{"a":1,"k":[{"i":{"x":[0.75],"y":[1]},"o":{"x":[0.25],"y":[0]},"t":31,"s":[4]},{"i":{"x":[0.667],"y":[1]},"o":{"x":[0.25],"y":[0]},"t":49,"s":[0]},{"i":{"x":[0.833],"y":[1]},"o":{"x":[0.167],"y":[0]},"t":116,"s":[0]},{"t":132,"s":[4]}],"ix":10},"p":{"a":1,"k":[{"i":{"x":0.75,"y":1},"o":{"x":0.25,"y":0},"t":31,"s":[153,125,0],"to":[-4.667,0,0],"ti":[4.667,0,0]},{"i":{"x":0.667,"y":0.667},"o":{"x":0.25,"y":0.25},"t":49,"s":[125,125,0],"to":[0,0,0],"ti":[0,0,0]},{"i":{"x":0.833,"y":1},"o":{"x":0.167,"y":0},"t":116,"s":[125,125,0],"to":[4.667,0,0],"ti":[-4.667,0,0]},{"t":132,"s":[153,125,0]}],"ix":2},"a":{"a":0,"k":[125,125,0],"ix":1},"s":{"a":1,"k":[{"i":{"x":[0.75,0.75,0.75],"y":[1,1,1]},"o":{"x":[0.25,0.25,0.25],"y":[0,0,0]},"t":28,"s":[70,70,100]},{"i":{"x":[0.75,0.75,0.75],"y":[1,1,1]},"o":{"x":[0.25,0.25,0.25],"y":[0,0,0]},"t":44,"s":[105,105,100]},{"t":54,"s":[100,100,100]}],"ix":6}},"ao":0,"shapes":[{"ty":"gr","it":[{"ind":0,"ty":"sh","ix":1,"ks":{"a":0,"k":{"i":[[1.218,2.125],[0.089,0.132],[3.745,0.198],[38.467,2.032],[2.43,-0.861],[0.274,-5.05],[0.35,-6.475],[0.701,-12.949],[0.702,-12.948],[0.701,-12.949],[0.41,-7.575],[-3.557,-2.328],[-2.14,-0.114],[-39.403,-2.082],[-2.33,1.899],[-0.183,3.396],[-2.935,54.486]],"o":[[-0.079,-0.137],[-2.103,-3.104],[-38.467,-2.031],[-2.574,-0.136],[-5.824,2.065],[-0.35,6.474],[-0.702,12.948],[-0.702,12.948],[-0.702,12.948],[-0.411,7.575],[-0.231,4.244],[1.792,1.173],[39.402,2.082],[3.003,0.158],[2.637,-2.149],[2.934,-54.486],[0.134,-2.476]],"v":[[73.269,-85.713],[73.017,-86.117],[62.874,-89.912],[-52.528,-96.007],[-60.185,-95.407],[-65.658,-81.951],[-66.71,-62.528],[-68.815,-23.683],[-70.92,15.162],[-73.025,54.007],[-74.256,76.731],[-70.772,88.365],[-64.588,89.8],[53.618,96.046],[62.261,94.369],[65.466,85.01],[74.269,-78.448]],"c":true},"ix":2},"nm":"Path 1","mn":"ADBE Vector Shape - Group","hd":false},{"ty":"fl","c":{"a":0,"k":[0,0.1686,0.1686,1],"ix":4},"o":{"a":0,"k":100,"ix":5},"r":1,"bm":0,"nm":"Fill 1","mn":"ADBE Vector Graphic - Fill","hd":false},{"ty":"tr","p":{"a":0,"k":[143.607,124.993],"ix":2},"a":{"a":0,"k":[0,0],"ix":1},"s":{"a":0,"k":[100,100],"ix":3},"r":{"a":0,"k":0,"ix":6},"o":{"a":0,"k":100,"ix":7},"sk":{"a":0,"k":0,"ix":4},"sa":{"a":0,"k":0,"ix":5},"nm":"Transform"}],"nm":"Group 1","np":2,"cix":2,"bm":0,"ix":1,"mn":"ADBE Vector Group","hd":false}],"ip":30,"op":150,"st":15,"bm":0}],"markers":[]}